{
  "Camera": {
    "Position": [
      0.30427443981170654,
      7.727473258972168,
      5.701925277709961
    ],
    "Rotation": [
      -64.40009307861328,
      -49.00010681152344
    ]
  },
  "Materials": [
    "Assets/Materials/M_TintYellow.json",
    "Assets/Materials/M_BlueColor.json",
    "Assets/Materials/M_RedColor.json",
    "Assets/Materials/M_GreenColor.json",
    "Assets/Materials/M_Wireframe.json"
  ],
  "NextUUID": 27,
  "Primitives": {
    "0": {
      "Class": "AObjActor",
      "ComponentUUIDs": [
        14,
        15,
        16
      ],
      "Location": [
        0.0,
        -3.3284213542938232,
        0.0
      ],
      "PrimitiveFileName": "C:\\jungle-techlab-week3-team5\\Assets\\Meshes\\Cat.obj",
      "Rotation": [
        -0.0,
        0.0,
        -0.0
      ],
      "Scale": [
        1.0,
        1.0,
        1.0
      ],
      "UUID": 13
    },
    "1": {
      "Class": "AObjActor",
      "ComponentUUIDs": [
        18,
        19,
        20
      ],
      "Location": [
        2.7181122303009033,
        1.948960781097412,
        0.0
      ],
      "PrimitiveFileName": "C:\\jungle-techlab-week3-team5\\Assets\\Meshes\\Cat.obj",
      "Rotation": [
        0.0,
        78.67465209960938,
        71.99330139160156
      ],
      "Scale": [
        2.843252420425415,
        2.507053852081299,
        1.0
      ],
      "UUID": 17
    },
    "2": {
      "Class": "ACubeActor",
      "ComponentUUIDs": [
        22,
        23,
        24
      ],
      "Location": [
        0.0,
        0.0,
        0.0
      ],
      "PrimitiveFileName": "",
      "Rotation": [
        -0.0,
        0.0,
        -0.0
      ],
      "Scale": [
        1.0,
        1.0,
        1.0
      ],
      "UUID": 21
    },
    "3": {
      "Class": "ASphereActor",
      "ComponentUUIDs": [
        26,
        27
      ],
      "Location": [
        0.0,
        -1.246948480606079,
        0.0
      ],
      "PrimitiveFileName": "",
      "Rotation": [
        -0.0,
        0.0,
        -0.0
      ],
      "Scale": [
        1.0,
        1.0,
        1.0
      ],
      "UUID": 25
    }
  }
}
